{
 "droid_success_full_0803": {
  "mean": [
   0.034469623780328515,
   -0.001633081419506495,
   0.0319105912448654,
   -0.0027474652911320127,
   0.007313525898785993,
   0.006798099658541783,
   0.12350288160670808
  ],
  "std": [
   0.2520571699338127,
   0.2486948654319061,
   0.2937194360082029,
   0.25230853439244694,
   0.2796370525416708,
   0.34477038757871253,
   0.9923442135864566
  ]
 }
}