{
 "droid_success_languaged_0803": {
  "mean": [
   -0.013946113699228197,
   -0.0008144068900243393,
   -0.010159969904343499,
   0.029293912297435065,
   -0.025690169644747598,
   -0.015989328273960466
  ],
  "std": [
   0.20220592438479257,
   0.21943531464788582,
   0.210883565255364,
   0.17382451705057012,
   0.14346100321749855,
   0.14715284488965125
  ]
 }
}