{
 "droid_success_languaged_0803": {
  "mean": [
   0.034524966522835786,
   -0.002034788243149046,
   0.03286368149243478,
   -0.002270051002688882,
   0.007490289567743871,
   0.008484724839843296,
   0.1251103956939712
  ],
  "std": [
   0.25377941149232486,
   0.2485252318164213,
   0.29530677038638276,
   0.2521710628202299,
   0.2795374759449668,
   0.3412635660188041,
   0.9921428268718969
  ]
 }
}